{
    "opt": {
        "human/base": [
            [
                -0.20809718684744483, 
                -0.08242932822612352, 
                0.0009831959975762062
            ], 
            [
                -0.015949374322342932, 
                0.014938857357870544, 
                0.04343344085049182, 
                -0.9988172420397847
            ]
        ], 
        "human/head": [
            [
                0.03691133188928822, 
                -0.18302785628497326, 
                0.1328094778315388
            ], 
            [
                -0.8067034044242938, 
                0.2977769716920591, 
                0.463901587999013, 
                0.21296376155640986
            ]
        ], 
        "human/left_elbow": [
            [
                -0.15794129463598652, 
                0.06765631665105254, 
                0.02184422729054547
            ], 
            [
                0.3610726468329556, 
                0.04131767573346293, 
                0.7753499193449527, 
                0.5164800256375336
            ]
        ], 
        "human/left_hand": [
            [
                -0.08427565210914541, 
                0.11538355487356951, 
                0.09789918143843843
            ], 
            [
                0.006994221498261812, 
                -0.005383577100109503, 
                -0.6529280093108167, 
                -0.7573683697393789
            ]
        ], 
        "human/right_elbow": [
            [
                -0.10224513491339676, 
                -0.10240499728870217, 
                0.09517956144489316
            ], 
            [
                -0.016832984861090437, 
                -0.018696883296116937, 
                0.7155687617273837, 
                -0.6980906801819758
            ]
        ], 
        "human/right_hand": [
            [
                -0.11746318833375383, 
                0.12469373873946357, 
                0.025561111622737033
            ], 
            [
                -0.06576696315562254, 
                -0.3709381203744647, 
                0.6546457174355711, 
                -0.6553747577593597
            ]
        ], 
        "human/shoulder_center": [
            [
                -0.1807840545745234, 
                -0.1221820687002066, 
                -0.11130181202998247
            ], 
            [
                -0.179594376814559, 
                -0.036853961264575276, 
                0.4191780458101684, 
                0.8892001609393774
            ]
        ]
    }
}