{
    "kinect": {
        "base": [
            [
                -0.02402533930607292, 
                -0.0025788741020458562, 
                0.051356355893628663
            ], 
            [
                0.4499145910772661, 
                -0.41774100900200245, 
                -0.5779413094530113, 
                -0.5376362367330837
            ]
        ], 
        "head": [
            [
                -0.023006942026892598, 
                0.027134326202041172, 
                0.05
            ], 
            [
                0.4680912645554657, 
                -0.46892246050253816, 
                -0.535312106772169, 
                -0.5238733129244055
            ]
        ], 
        "left_hand": [
            [
                0.01618799092938293, 
                -0.01135215928019642, 
                -0.05
            ], 
            [
                0.16212625990740231, 
                -0.6654488969020049, 
                -0.7309153799831893, 
                -0.025963403832619837
            ]
        ], 
        "right_hand": [
            [
                0.004263421756097667, 
                0.0425106650802532, 
                -0.05
            ], 
            [
                -0.6713098827564004, 
                -0.055691913330270404, 
                0.10003277493836059, 
                0.7323012091798713
            ]
        ]
    }
}